;Label;Hypotheektype;Hypotheekbedrag;Rentepercentage begin;Rentepercentage actueel;Restschuld;Aflossing;Rentevaste periode;Verstrekker;Jaar;Datum;Bruto;Netto;Bedrag kwijt;Percentage kwijt;Jaarlasten hypotheek;Netto salaris na hypotheeklasten;Aftrekposten;Belasting totaal;Schijf 1 belasting;Schijf 2 belasting
0;ING 10 1.17%;annuit;145000;1.17%;1.13%;140936.64;1670.07;10;ING;1;2022-04-12;44672.0;33483.86;-11188.14;25.05;5733.44;27750.43;1670.07;16276.63;16276.63;0.00
1;ING 10 1.17%;annuit;145000;1.17%;1.13%;136774.27;1571.07;10;ING;2;2023-04-12;46012.16;34129.44;-11882.72;25.83;5733.44;28396.0;1571.07;16810.70;16810.70;0.00
2;ING 10 1.17%;annuit;145000;1.17%;1.13%;132564.63;1523.79;10;ING;3;2024-04-12;47392.52;34814.68;-12577.85;26.54;5733.44;29081.24;1523.79;17340.50;17340.50;0.00
3;ING 10 1.17%;annuit;145000;1.17%;1.11%;128289.79;1458.60;10;ING;4;2025-04-12;48814.3;35514.36;-13299.94;27.25;5733.44;29780.92;1458.60;17892.31;17892.31;0.00
4;ING 10 1.17%;annuit;145000;1.17%;1.11%;123958.37;1402.02;10;ING;5;2026-04-12;50278.73;36238.96;-14039.77;27.92;5733.44;30505.52;1402.02;18456.75;18456.75;0.00
5;ING 10 1.17%;annuit;145000;1.17%;1.09%;119570.60;1345.66;10;ING;6;2027-04-12;51787.09;36986.0;-14801.09;28.58;5733.44;31252.56;1345.66;19037.41;19037.41;0.00
6;ING 10 1.17%;annuit;145000;1.17%;1.09%;115118.28;1281.12;10;ING;7;2028-04-12;53340.7;37753.06;-15587.64;29.22;5733.44;32019.62;1281.12;19637.89;19637.89;0.00
7;ING 10 1.17%;annuit;145000;1.17%;1.06%;110614.42;1229.57;10;ING;8;2029-04-12;54940.93;38548.67;-16392.25;29.84;5733.44;32815.23;1229.57;20250.84;20250.84;0.00
8;ING 10 1.17%;annuit;145000;1.17%;1.06%;106031.27;1150.29;10;ING;9;2030-04-12;56589.15;39358.44;-17230.71;30.45;5733.44;33625.0;1150.29;20891.89;20891.89;0.00
9;ING 10 1.17%;annuit;145000;1.17%;1.06%;101399.30;1101.47;10;ING;10;2031-04-12;58286.83;40204.69;-18082.14;31.02;5733.44;34471.25;1101.47;21539.98;21539.98;0.00
10;ING 10 1.17%;annuit;145000;1.17%;5.00%;100720.41;5054.55;10;ING;11;2032-04-12;60035.43;42561.58;-17473.85;29.11;5733.44;36828.14;5054.55;20722.27;20722.27;0.00
11;ING 10 1.17%;annuit;145000;1.17%;5.00%;100006.79;5019.81;10;ING;12;2033-04-12;61836.5;43465.7;-18370.79;29.71;5733.44;37732.27;5019.81;21403.50;21403.50;0.00
12;ING 10 1.17%;annuit;145000;1.17%;5.00%;99256.66;4983.30;10;ING;13;2034-04-12;63691.59;44396.68;-19294.91;30.29;5733.44;38663.25;4983.30;22105.43;22105.43;0.00
13;ING 10 1.17%;annuit;145000;1.17%;5.00%;98468.15;4944.93;10;ING;14;2035-04-12;65602.34;45355.31;-20247.03;30.86;5733.44;39621.87;4944.93;22828.70;22828.70;0.00
14;ING 10 1.17%;annuit;145000;1.17%;5.00%;97639.30;4904.58;10;ING;15;2036-04-12;67570.41;46342.4;-21228.01;31.42;5733.44;40608.96;4904.58;23573.96;23573.96;0.00
15;ING 10 1.17%;annuit;145000;1.17%;5.00%;96768.04;4862.18;10;ING;16;2037-04-12;69597.52;47423.89;-22173.63;31.86;5733.44;41690.46;4862.18;24341.90;24341.90;0.00
16;ING 10 1.17%;annuit;145000;1.17%;5.00%;95852.21;4817.60;10;ING;17;2038-04-12;71685.45;48595.24;-23090.21;32.21;5733.44;42861.8;4817.60;25133.20;25133.20;0.00
17;ING 10 1.17%;annuit;145000;1.17%;5.00%;94889.52;4770.75;10;ING;18;2039-04-12;73836.01;49623.53;-24212.48;32.79;5733.44;43890.1;4770.75;26126.44;25416.47;709.97
18;ING 10 1.17%;annuit;145000;1.17%;5.00%;93877.58;4721.49;10;ING;19;2040-04-12;76051.09;50584.67;-25466.42;33.49;5733.44;44851.23;4721.49;27247.48;25416.47;1831.01
19;ING 10 1.17%;annuit;145000;1.17%;5.00%;92813.86;4669.72;10;ING;20;2041-04-12;78332.62;51574.13;-26758.49;34.16;5733.44;45840.69;4669.72;28402.65;25416.47;2986.19
20;ING 10 1.17%;annuit;145000;1.17%;5.00%;91695.72;4615.30;10;ING;21;2042-04-12;80682.6;52592.74;-28089.86;34.82;5733.44;46859.3;4615.30;29593.03;25416.47;4176.56
21;ING 10 1.17%;annuit;145000;1.17%;5.00%;90520.38;4558.09;10;ING;22;2043-04-12;83103.08;53641.34;-29461.74;35.45;5733.44;47907.91;4558.09;30819.67;25416.47;5403.20
22;ING 10 1.17%;annuit;145000;1.17%;5.00%;89284.91;4497.96;10;ING;23;2044-04-12;85596.17;54720.81;-30875.36;36.07;5733.44;48987.37;4497.96;32083.71;25416.47;6667.24
23;ING 10 1.17%;annuit;145000;1.17%;5.00%;87986.22;4434.75;10;ING;24;2045-04-12;88164.06;55832.04;-32332.02;36.67;5733.44;50098.6;4434.75;33386.30;25416.47;7969.83
24;ING 10 1.17%;annuit;145000;1.17%;5.00%;86621.10;4368.31;10;ING;25;2046-04-12;90808.98;56975.94;-33833.03;37.26;5733.44;51242.51;4368.31;34728.62;25416.47;9312.15
25;ING 10 1.17%;annuit;145000;1.17%;5.00%;85186.13;4298.47;10;ING;26;2047-04-12;93533.25;58153.48;-35379.77;37.83;5733.44;52420.04;4298.47;36111.89;25416.47;10695.43
26;ING 10 1.17%;annuit;145000;1.17%;5.00%;83677.74;4225.05;10;ING;27;2048-04-12;96339.25;59365.61;-36973.63;38.38;5733.44;53632.18;4225.05;37537.40;25416.47;12120.93
27;ING 10 1.17%;annuit;145000;1.17%;5.00%;82092.18;4147.88;10;ING;28;2049-04-12;99229.42;60613.35;-38616.07;38.92;5733.44;54879.91;4147.88;39006.43;25416.47;13589.96
28;ING 10 1.17%;annuit;145000;1.17%;5.00%;80425.50;4066.76;10;ING;29;2050-04-12;102206.31;61897.71;-40308.59;39.44;5733.44;56164.28;4066.76;40520.33;25416.47;15103.86
29;ING 10 1.17%;annuit;145000;1.17%;5.00%;78673.56;3981.49;10;ING;30;2051-04-12;105272.49;63219.77;-42052.73;39.95;5733.44;57486.33;3981.49;42080.50;25416.47;16664.03
0;ING 20 1.54%;annuit;145000;1.54%;1.54%;141167.48;2206.02;20;ING;1;2022-04-12;44672.0;33682.7;-10989.3;24.6;6038.55;27644.16;2206.02;16077.79;16077.79;0.00
1;ING 20 1.54%;annuit;145000;1.54%;1.50%;137219.37;2090.44;20;ING;2;2023-04-12;46012.16;34322.13;-11690.03;25.41;6038.55;28283.58;2090.44;16618.02;16618.02;0.00
2;ING 20 1.54%;annuit;145000;1.54%;1.50%;133211.64;2030.81;20;ING;3;2024-04-12;47392.52;35002.78;-12389.74;26.14;6038.55;28964.24;2030.81;17152.40;17152.40;0.00
3;ING 20 1.54%;annuit;145000;1.54%;1.48%;129130.30;1957.21;20;ING;4;2025-04-12;48814.3;35699.34;-13114.96;26.87;6038.55;29660.8;1957.21;17707.33;17707.33;0.00
4;ING 20 1.54%;annuit;145000;1.54%;1.48%;124974.77;1883.02;20;ING;5;2026-04-12;50278.73;36417.4;-13861.33;27.57;6038.55;30378.86;1883.02;18278.30;18278.30;0.00
5;ING 20 1.54%;annuit;145000;1.54%;1.46%;120755.30;1819.08;20;ING;6;2027-04-12;51787.09;37161.64;-14625.45;28.24;6038.55;31123.09;1819.08;18861.77;18861.77;0.00
6;ING 20 1.54%;annuit;145000;1.54%;1.46%;116451.06;1734.30;20;ING;7;2028-04-12;53340.7;37921.19;-15419.51;28.91;6038.55;31882.64;1734.30;19469.76;19469.76;0.00
7;ING 20 1.54%;annuit;145000;1.54%;1.46%;112083.55;1671.04;20;ING;8;2029-04-12;54940.93;38712.45;-16228.47;29.54;6038.55;32673.91;1671.04;20087.06;20087.06;0.00
8;ING 20 1.54%;annuit;145000;1.54%;1.43%;107627.09;1582.09;20;ING;9;2030-04-12;56589.15;39518.64;-17070.52;30.17;6038.55;33480.09;1582.09;20731.69;20731.69;0.00
9;ING 20 1.54%;annuit;145000;1.54%;1.43%;103098.00;1509.46;20;ING;10;2031-04-12;58286.83;40356.05;-17930.77;30.76;6038.55;34317.51;1509.46;21388.62;21388.62;0.00
10;ING 20 1.54%;annuit;145000;1.54%;1.43%;98503.72;1444.27;20;ING;11;2032-04-12;60035.43;41222.17;-18813.27;31.34;6038.55;35183.62;1444.27;22061.68;22061.68;0.00
11;ING 20 1.54%;annuit;145000;1.54%;1.43%;93843.31;1378.14;20;ING;12;2033-04-12;61836.5;42114.64;-19721.85;31.89;6038.55;36076.1;1378.14;22754.56;22754.56;0.00
12;ING 20 1.54%;annuit;145000;1.54%;1.43%;89115.82;1311.05;20;ING;13;2034-04-12;63691.59;43034.28;-20657.31;32.43;6038.55;36995.73;1311.05;23467.83;23467.83;0.00
13;ING 20 1.54%;annuit;145000;1.54%;1.43%;84320.28;1243.01;20;ING;14;2035-04-12;65602.34;43981.9;-21620.44;32.96;6038.55;37943.35;1243.01;24202.11;24202.11;0.00
14;ING 20 1.54%;annuit;145000;1.54%;1.43%;79455.72;1173.98;20;ING;15;2036-04-12;67570.41;44958.34;-22612.06;33.46;6038.55;38919.8;1173.98;24958.02;24958.02;0.00
15;ING 20 1.54%;annuit;145000;1.54%;1.43%;74521.13;1103.96;20;ING;16;2037-04-12;69597.52;45922.73;-23674.79;34.02;6038.55;39884.18;1103.96;25843.06;25416.47;426.59
16;ING 20 1.54%;annuit;145000;1.54%;1.43%;69515.51;1032.93;20;ING;17;2038-04-12;71685.45;46816.5;-24868.94;34.69;6038.55;40777.96;1032.93;26911.94;25416.47;1495.47
17;ING 20 1.54%;annuit;145000;1.54%;1.43%;64437.85;960.88;20;ING;18;2039-04-12;73836.01;47737.65;-26098.36;35.35;6038.55;41699.1;960.88;28012.32;25416.47;2595.86
18;ING 20 1.54%;annuit;145000;1.54%;1.43%;59287.09;887.79;20;ING;19;2040-04-12;76051.09;48686.98;-27364.1;35.98;6038.55;42648.44;887.79;29145.16;25416.47;3728.69
19;ING 20 1.54%;annuit;145000;1.54%;1.43%;54062.19;813.65;20;ING;20;2041-04-12;78332.62;49665.37;-28667.25;36.6;6038.55;43626.83;813.65;30311.41;25416.47;4894.94
20;ING 20 1.54%;annuit;145000;1.54%;5.00%;50649.25;2625.60;20;ING;21;2042-04-12;80682.6;51607.84;-29074.76;36.04;6038.55;45569.29;2625.60;30577.93;25416.47;5161.46
21;ING 20 1.54%;annuit;145000;1.54%;5.00%;47061.69;2450.99;20;ING;22;2043-04-12;83103.08;52598.32;-30504.75;36.71;6038.55;46559.78;2450.99;31862.69;25416.47;6446.22
22;ING 20 1.54%;annuit;145000;1.54%;5.00%;43290.59;2267.44;20;ING;23;2044-04-12;85596.17;53616.7;-31979.47;37.36;6038.55;47578.16;2267.44;33187.82;25416.47;7771.35
23;ING 20 1.54%;annuit;145000;1.54%;5.00%;39326.55;2074.51;20;ING;24;2045-04-12;88164.06;54663.71;-33500.34;38.0;6038.55;48625.17;2074.51;34554.62;25416.47;9138.15
24;ING 20 1.54%;annuit;145000;1.54%;5.00%;35159.70;1871.70;20;ING;25;2046-04-12;90808.98;55740.12;-35068.86;38.62;6038.55;49701.58;1871.70;35964.44;25416.47;10547.97
25;ING 20 1.54%;annuit;145000;1.54%;5.00%;30779.67;1658.51;20;ING;26;2047-04-12;93533.25;56846.7;-36686.55;39.22;6038.55;50808.16;1658.51;37418.67;25416.47;12002.20
26;ING 20 1.54%;annuit;145000;1.54%;5.00%;26175.54;1434.42;20;ING;27;2048-04-12;96339.25;57984.25;-38354.99;39.81;6038.55;51945.71;1434.42;38918.76;25416.47;13502.29
27;ING 20 1.54%;annuit;145000;1.54%;5.00%;21335.86;1198.87;20;ING;28;2049-04-12;99229.42;59153.59;-40075.83;40.39;6038.55;53115.04;1198.87;40466.19;25416.47;15049.72
28;ING 20 1.54%;annuit;145000;1.54%;5.00%;16248.58;951.26;20;ING;29;2050-04-12;102206.31;60355.54;-41850.76;40.95;6038.55;54317.0;951.26;42062.50;25416.47;16646.04
29;ING 20 1.54%;annuit;145000;1.54%;5.00%;10901.02;690.98;20;ING;30;2051-04-12;105272.49;61590.97;-43681.53;41.49;6038.55;55552.42;690.98;43709.30;25416.47;18292.83
0;Venn 30 1.84%;annuit;145000;1.84%;0.00%;141344.22;2637.27;30;Venn;1;2022-04-12;44672.0;33842.7;-10829.3;24.24;6293.05;27549.64;2637.27;15917.80;15917.80;0.00
1;Venn 30 1.84%;annuit;145000;1.84%;0.00%;137620.60;2569.44;30;Venn;2;2023-04-12;46012.16;34499.83;-11512.33;25.02;6293.05;28206.78;2569.44;16440.31;16440.31;0.00
2;Venn 30 1.84%;annuit;145000;1.84%;0.00%;133827.88;2500.34;30;Venn;3;2024-04-12;47392.52;35176.98;-12215.55;25.78;6293.05;28883.92;2500.34;16978.20;16978.20;0.00
3;Venn 30 1.84%;annuit;145000;1.84%;0.00%;129964.79;2429.96;30;Venn;4;2025-04-12;48814.3;35874.73;-12939.57;26.51;6293.05;29581.68;2429.96;17531.94;17531.94;0.00
4;Venn 30 1.84%;annuit;145000;1.84%;0.00%;126030.02;2358.28;30;Venn;5;2026-04-12;50278.73;36593.73;-13685.0;27.22;6293.05;30300.67;2358.28;18101.98;18101.98;0.00
5;Venn 30 1.84%;annuit;145000;1.84%;0.00%;122022.23;2285.27;30;Venn;6;2027-04-12;51787.09;37334.6;-14452.5;27.91;6293.05;31041.54;2285.27;18688.82;18688.82;0.00
6;Venn 30 1.84%;annuit;145000;1.84%;0.00%;117940.07;2210.90;30;Venn;7;2028-04-12;53340.7;38098.01;-15242.7;28.58;6293.05;31804.95;2210.90;19292.94;19292.94;0.00
7;Venn 30 1.84%;annuit;145000;1.84%;0.00%;113782.16;2135.15;30;Venn;8;2029-04-12;54940.93;38884.64;-16056.29;29.22;6293.05;32591.59;2135.15;19914.87;19914.87;0.00
8;Venn 30 1.84%;annuit;145000;1.84%;0.00%;109547.10;2057.99;30;Venn;9;2030-04-12;56589.15;39695.2;-16893.95;29.85;6293.05;33402.14;2057.99;20555.13;20555.13;0.00
9;Venn 30 1.84%;annuit;145000;1.84%;0.00%;105233.46;1979.41;30;Venn;10;2031-04-12;58286.83;40530.41;-17756.42;30.46;6293.05;34237.35;1979.41;21214.27;21214.27;0.00
10;Venn 30 1.84%;annuit;145000;1.84%;0.00%;100839.77;1899.37;30;Venn;11;2032-04-12;60035.43;41391.01;-18644.43;31.06;6293.05;35097.95;1899.37;21892.84;21892.84;0.00
11;Venn 30 1.84%;annuit;145000;1.84%;0.00%;96364.55;1817.84;30;Venn;12;2033-04-12;61836.5;42277.77;-19558.73;31.63;6293.05;35984.71;1817.84;22591.43;22591.43;0.00
12;Venn 30 1.84%;annuit;145000;1.84%;0.00%;91806.29;1734.79;30;Venn;13;2034-04-12;63691.59;43191.49;-20500.1;32.19;6293.05;36898.43;1734.79;23310.62;23310.62;0.00
13;Venn 30 1.84%;annuit;145000;1.84%;0.00%;87163.45;1650.21;30;Venn;14;2035-04-12;65602.34;44132.97;-21469.37;32.73;6293.05;37839.92;1650.21;24051.03;24051.03;0.00
14;Venn 30 1.84%;annuit;145000;1.84%;0.00%;82434.45;1564.06;30;Venn;15;2036-04-12;67570.41;45103.06;-22467.34;33.25;6293.05;38810.01;1564.06;24813.30;24813.30;0.00
15;Venn 30 1.84%;annuit;145000;1.84%;0.00%;77617.70;1476.31;30;Venn;16;2037-04-12;69597.52;46107.04;-23490.48;33.75;6293.05;39813.99;1476.31;25658.75;25416.47;242.28
16;Venn 30 1.84%;annuit;145000;1.84%;0.00%;72711.58;1386.93;30;Venn;17;2038-04-12;71685.45;46991.73;-24693.71;34.45;6293.05;40698.68;1386.93;26736.71;25416.47;1320.24
17;Venn 30 1.84%;annuit;145000;1.84%;0.00%;67714.41;1295.89;30;Venn;18;2039-04-12;73836.01;47903.48;-25932.53;35.12;6293.05;41610.42;1295.89;27846.49;25416.47;2430.02
18;Venn 30 1.84%;annuit;145000;1.84%;0.00%;62624.52;1203.16;30;Venn;19;2040-04-12;76051.09;48843.09;-27208.0;35.78;6293.05;42550.04;1203.16;28989.05;25416.47;3572.58
19;Venn 30 1.84%;annuit;145000;1.84%;0.00%;57440.18;1108.72;30;Venn;20;2041-04-12;78332.62;49811.43;-28521.19;36.41;6293.05;43518.38;1108.72;30165.35;25416.47;4748.89
20;Venn 30 1.84%;annuit;145000;1.84%;0.00%;52159.64;1012.51;30;Venn;21;2042-04-12;80682.6;50809.36;-29873.24;37.03;6293.05;44516.31;1012.51;31376.40;25416.47;5959.94
21;Venn 30 1.84%;annuit;145000;1.84%;0.00%;46781.11;914.53;30;Venn;22;2043-04-12;83103.08;51837.78;-31265.3;37.62;6293.05;45544.72;914.53;32623.24;25416.47;7206.77
22;Venn 30 1.84%;annuit;145000;1.84%;0.00%;41302.79;814.73;30;Venn;23;2044-04-12;85596.17;52897.61;-32698.56;38.2;6293.05;46604.55;814.73;33906.91;25416.47;8490.45
23;Venn 30 1.84%;annuit;145000;1.84%;0.00%;35722.80;713.07;30;Venn;24;2045-04-12;88164.06;53989.8;-34174.25;38.76;6293.05;47696.75;713.07;35228.53;25416.47;9812.06
24;Venn 30 1.84%;annuit;145000;1.84%;0.00%;30039.27;609.53;30;Venn;25;2046-04-12;90808.98;55115.35;-35693.63;39.31;6293.05;48822.29;609.53;36589.21;25416.47;11172.74
25;Venn 30 1.84%;annuit;145000;1.84%;0.00%;24250.28;504.06;30;Venn;26;2047-04-12;93533.25;56275.25;-37258.0;39.83;6293.05;49982.2;504.06;37990.12;25416.47;12573.66
26;Venn 30 1.84%;annuit;145000;1.84%;0.00%;18353.87;396.64;30;Venn;27;2048-04-12;96339.25;57470.55;-38868.69;40.35;6293.05;51177.5;396.64;39432.46;25416.47;14015.99
27;Venn 30 1.84%;annuit;145000;1.84%;0.00%;12348.05;287.23;30;Venn;28;2049-04-12;99229.42;58702.33;-40527.09;40.84;6293.05;52409.27;287.23;40917.45;25416.47;15500.98
28;Venn 30 1.84%;annuit;145000;1.84%;0.00%;6230.78;175.79;30;Venn;29;2050-04-12;102206.31;59971.68;-42234.62;41.32;6293.05;53678.63;175.79;42446.36;25416.47;17029.90
29;Venn 30 1.84%;annuit;145000;1.84%;0.00%;0.00;62.27;30;Venn;30;2051-04-12;105272.49;61279.76;-43992.74;41.79;6293.05;54986.7;62.27;44020.51;25416.47;18604.04
0;Munt 30 1.75%;annuit;145000;1.75%;0.00%;141291.82;2507.85;30;Munt;1;2022-04-12;44672.0;33794.68;-10877.32;24.35;6216.04;27578.64;2507.85;15965.81;15965.81;0.00
1;Munt 30 1.75%;annuit;145000;1.75%;0.00%;137518.21;2442.43;30;Munt;2;2023-04-12;46012.16;34452.72;-11559.44;25.12;6216.04;28236.68;2442.43;16487.43;16487.43;0.00
2;Munt 30 1.75%;annuit;145000;1.75%;0.00%;133678.04;2375.86;30;Munt;3;2024-04-12;47392.52;35130.8;-12261.73;25.87;6216.04;28914.76;2375.86;17024.38;17024.38;0.00
3;Munt 30 1.75%;annuit;145000;1.75%;0.00%;129770.13;2308.12;30;Munt;4;2025-04-12;48814.3;35829.53;-12984.77;26.6;6216.04;29613.49;2308.12;17577.14;17577.14;0.00
4;Munt 30 1.75%;annuit;145000;1.75%;0.00%;125793.27;2239.18;30;Munt;5;2026-04-12;50278.73;36549.54;-13729.19;27.31;6216.04;30333.5;2239.18;18146.17;18146.17;0.00
5;Munt 30 1.75%;annuit;145000;1.75%;0.00%;121746.26;2169.02;30;Munt;6;2027-04-12;51787.09;37291.47;-14495.62;27.99;6216.04;31075.43;2169.02;18731.94;18731.94;0.00
6;Munt 30 1.75%;annuit;145000;1.75%;0.00%;117627.85;2097.63;30;Munt;7;2028-04-12;53340.7;38055.99;-15284.72;28.65;6216.04;31839.95;2097.63;19334.96;19334.96;0.00
7;Munt 30 1.75%;annuit;145000;1.75%;0.00%;113436.80;2024.98;30;Munt;8;2029-04-12;54940.93;38843.77;-16097.16;29.3;6216.04;32627.73;2024.98;19955.74;19955.74;0.00
8;Munt 30 1.75%;annuit;145000;1.75%;0.00%;109171.80;1951.04;30;Munt;9;2030-04-12;56589.15;39655.52;-16933.63;29.92;6216.04;33439.48;1951.04;20594.81;20594.81;0.00
9;Munt 30 1.75%;annuit;145000;1.75%;0.00%;104831.57;1875.80;30;Munt;10;2031-04-12;58286.83;40491.97;-17794.86;30.53;6216.04;34275.93;1875.80;21252.71;21252.71;0.00
10;Munt 30 1.75%;annuit;145000;1.75%;0.00%;100414.77;1799.24;30;Munt;11;2032-04-12;60035.43;41353.86;-18681.57;31.12;6216.04;35137.82;1799.24;21929.99;21929.99;0.00
11;Munt 30 1.75%;annuit;145000;1.75%;0.00%;95920.06;1721.32;30;Munt;12;2033-04-12;61836.5;42241.96;-19594.53;31.69;6216.04;36025.93;1721.32;22627.24;22627.24;0.00
12;Munt 30 1.75%;annuit;145000;1.75%;0.00%;91346.05;1642.03;30;Munt;13;2034-04-12;63691.59;43157.07;-20534.52;32.24;6216.04;36941.03;1642.03;23345.04;23345.04;0.00
13;Munt 30 1.75%;annuit;145000;1.75%;0.00%;86691.36;1561.34;30;Munt;14;2035-04-12;65602.34;44100.0;-21502.34;32.78;6216.04;37883.96;1561.34;24084.01;24084.01;0.00
14;Munt 30 1.75%;annuit;145000;1.75%;0.00%;81954.54;1479.23;30;Munt;15;2036-04-12;67570.41;45071.59;-22498.82;33.3;6216.04;38855.56;1479.23;24844.77;24844.77;0.00
15;Munt 30 1.75%;annuit;145000;1.75%;0.00%;77134.17;1395.66;30;Munt;16;2037-04-12;69597.52;46067.12;-23530.4;33.81;6216.04;39851.09;1395.66;25698.67;25416.47;282.20
16;Munt 30 1.75%;annuit;145000;1.75%;0.00%;72228.76;1310.63;30;Munt;17;2038-04-12;71685.45;46953.96;-24731.48;34.5;6216.04;40737.93;1310.63;26774.48;25416.47;1358.01
17;Munt 30 1.75%;annuit;145000;1.75%;0.00%;67236.82;1224.09;30;Munt;18;2039-04-12;73836.01;47867.94;-25968.07;35.17;6216.04;41651.9;1224.09;27882.03;25416.47;2465.56
18;Munt 30 1.75%;annuit;145000;1.75%;0.00%;62156.81;1136.03;30;Munt;19;2040-04-12;76051.09;48809.86;-27241.23;35.82;6216.04;42593.83;1136.03;29022.28;25416.47;3605.81
19;Munt 30 1.75%;annuit;145000;1.75%;0.00%;56987.18;1046.41;30;Munt;20;2041-04-12;78332.62;49780.59;-28552.03;36.45;6216.04;43564.56;1046.41;30196.19;25416.47;4779.73
20;Munt 30 1.75%;annuit;145000;1.75%;0.00%;51726.36;955.21;30;Munt;21;2042-04-12;80682.6;50781.0;-29901.61;37.06;6216.04;44564.96;955.21;31404.77;25416.47;5988.30
21;Munt 30 1.75%;annuit;145000;1.75%;0.00%;46372.73;862.41;30;Munt;22;2043-04-12;83103.08;51811.98;-31291.1;37.65;6216.04;45595.94;862.41;32649.04;25416.47;7232.57
22;Munt 30 1.75%;annuit;145000;1.75%;0.00%;40924.66;767.96;30;Munt;23;2044-04-12;85596.17;52874.46;-32721.71;38.23;6216.04;46658.42;767.96;33930.06;25416.47;8513.59
23;Munt 30 1.75%;annuit;145000;1.75%;0.00%;35380.47;671.85;30;Munt;24;2045-04-12;88164.06;53969.4;-34194.66;38.79;6216.04;47753.37;671.85;35248.93;25416.47;9832.46
24;Munt 30 1.75%;annuit;145000;1.75%;0.00%;29738.48;574.05;30;Munt;25;2046-04-12;90808.98;55097.78;-35711.19;39.33;6216.04;48881.75;574.05;36606.77;25416.47;11190.31
25;Munt 30 1.75%;annuit;145000;1.75%;0.00%;23996.97;474.52;30;Munt;26;2047-04-12;93533.25;56260.62;-37272.62;39.85;6216.04;50044.59;474.52;38004.75;25416.47;12588.28
26;Munt 30 1.75%;annuit;145000;1.75%;0.00%;18154.16;373.23;30;Munt;27;2048-04-12;96339.25;57458.96;-38880.28;40.36;6216.04;51242.93;373.23;39444.05;25416.47;14027.58
27;Munt 30 1.75%;annuit;145000;1.75%;0.00%;12208.28;270.16;30;Munt;28;2049-04-12;99229.42;58693.88;-40535.54;40.85;6216.04;52477.84;270.16;40925.90;25416.47;15509.43
28;Munt 30 1.75%;annuit;145000;1.75%;0.00%;6157.51;165.27;30;Munt;29;2050-04-12;102206.31;59966.48;-42239.83;41.33;6216.04;53750.44;165.27;42451.57;25416.47;17035.10
29;Munt 30 1.75%;annuit;145000;1.75%;0.00%;0.00;58.52;30;Munt;30;2051-04-12;105272.49;61277.9;-43994.59;41.79;6216.04;55061.86;58.52;44022.36;25416.47;18605.90
0;Lloyds 30 1.73%;annuit;145000;1.73%;0.00%;141280.10;2479.10;30;Lloyds;1;2022-04-12;44672.0;33784.01;-10887.99;24.37;6199.0;27585.01;2479.10;15976.48;15976.48;0.00
1;Lloyds 30 1.73%;annuit;145000;1.73%;0.00%;137495.33;2414.23;30;Lloyds;2;2023-04-12;46012.16;34442.25;-11569.91;25.15;6199.0;28243.25;2414.23;16497.89;16497.89;0.00
2;Lloyds 30 1.73%;annuit;145000;1.73%;0.00%;133644.56;2348.23;30;Lloyds;3;2024-04-12;47392.52;35120.55;-12271.98;25.89;6199.0;28921.55;2348.23;17034.64;17034.64;0.00
3;Lloyds 30 1.73%;annuit;145000;1.73%;0.00%;129726.65;2281.08;30;Lloyds;4;2025-04-12;48814.3;35819.5;-12994.8;26.62;6199.0;29620.5;2281.08;17587.17;17587.17;0.00
4;Lloyds 30 1.73%;annuit;145000;1.73%;0.00%;125740.41;2212.76;30;Lloyds;5;2026-04-12;50278.73;36539.74;-13738.99;27.33;6199.0;30340.74;2212.76;18155.97;18155.97;0.00
5;Lloyds 30 1.73%;annuit;145000;1.73%;0.00%;121684.66;2143.25;30;Lloyds;6;2027-04-12;51787.09;37281.91;-14505.18;28.01;6199.0;31082.91;2143.25;18741.50;18741.50;0.00
6;Lloyds 30 1.73%;annuit;145000;1.73%;0.00%;117558.19;2072.53;30;Lloyds;7;2028-04-12;53340.7;38046.67;-15294.03;28.67;6199.0;31847.67;2072.53;19344.28;19344.28;0.00
7;Lloyds 30 1.73%;annuit;145000;1.73%;0.00%;113359.76;2000.57;30;Lloyds;8;2029-04-12;54940.93;38834.71;-16106.21;29.32;6199.0;32635.71;2000.57;19964.80;19964.80;0.00
8;Lloyds 30 1.73%;annuit;145000;1.73%;0.00%;109088.13;1927.36;30;Lloyds;9;2030-04-12;56589.15;39646.73;-16942.42;29.94;6199.0;33447.73;1927.36;20603.60;20603.60;0.00
9;Lloyds 30 1.73%;annuit;145000;1.73%;0.00%;104742.00;1852.87;30;Lloyds;10;2031-04-12;58286.83;40483.46;-17803.37;30.54;6199.0;34284.46;1852.87;21261.21;21261.21;0.00
10;Lloyds 30 1.73%;annuit;145000;1.73%;0.00%;100320.08;1777.08;30;Lloyds;11;2032-04-12;60035.43;41345.64;-18689.79;31.13;6199.0;35146.64;1777.08;21938.21;21938.21;0.00
11;Lloyds 30 1.73%;annuit;145000;1.73%;0.00%;95821.06;1699.98;30;Lloyds;12;2033-04-12;61836.5;42234.04;-19602.45;31.7;6199.0;36035.05;1699.98;22635.16;22635.16;0.00
12;Lloyds 30 1.73%;annuit;145000;1.73%;0.00%;91243.59;1621.52;30;Lloyds;13;2034-04-12;63691.59;43149.46;-20542.13;32.25;6199.0;36950.46;1621.52;23352.65;23352.65;0.00
13;Lloyds 30 1.73%;annuit;145000;1.73%;0.00%;86586.29;1541.70;30;Lloyds;14;2035-04-12;65602.34;44092.71;-21509.62;32.79;6199.0;37893.72;1541.70;24091.29;24091.29;0.00
14;Lloyds 30 1.73%;annuit;145000;1.73%;0.00%;81847.78;1460.49;30;Lloyds;15;2036-04-12;67570.41;45064.64;-22505.77;33.31;6199.0;38865.64;1460.49;24851.72;24851.72;0.00
15;Lloyds 30 1.73%;annuit;145000;1.73%;0.00%;77026.64;1377.86;30;Lloyds;16;2037-04-12;69597.52;46058.31;-23539.21;33.82;6199.0;39859.31;1377.86;25707.48;25416.47;291.01
16;Lloyds 30 1.73%;annuit;145000;1.73%;0.00%;72121.43;1293.79;30;Lloyds;17;2038-04-12;71685.45;46945.63;-24739.82;34.51;6199.0;40746.63;1293.79;26782.81;25416.47;1366.34
17;Lloyds 30 1.73%;annuit;145000;1.73%;0.00%;67130.68;1208.25;30;Lloyds;18;2039-04-12;73836.01;47860.1;-25975.91;35.18;6199.0;41661.1;1208.25;27889.87;25416.47;2473.40
18;Lloyds 30 1.73%;annuit;145000;1.73%;0.00%;62052.91;1121.22;30;Lloyds;19;2040-04-12;76051.09;48802.53;-27248.55;35.83;6199.0;42603.54;1121.22;29029.61;25416.47;3613.14
19;Lloyds 30 1.73%;annuit;145000;1.73%;0.00%;56886.59;1032.68;30;Lloyds;20;2041-04-12;78332.62;49773.79;-28558.83;36.46;6199.0;43574.8;1032.68;30202.99;25416.47;4786.52
20;Lloyds 30 1.73%;annuit;145000;1.73%;0.00%;51630.18;942.59;30;Lloyds;21;2042-04-12;80682.6;50774.75;-29907.85;37.07;6199.0;44575.75;942.59;31411.02;25416.47;5994.55
21;Lloyds 30 1.73%;annuit;145000;1.73%;0.00%;46282.11;850.93;30;Lloyds;22;2043-04-12;83103.08;51806.29;-31296.78;37.66;6199.0;45607.3;850.93;32654.72;25416.47;7238.25
22;Lloyds 30 1.73%;annuit;145000;1.73%;0.00%;40840.78;757.67;30;Lloyds;23;2044-04-12;85596.17;52869.36;-32726.81;38.23;6199.0;46670.37;757.67;33935.16;25416.47;8518.69
23;Lloyds 30 1.73%;annuit;145000;1.73%;0.00%;35304.57;662.78;30;Lloyds;24;2045-04-12;88164.06;53964.91;-34199.14;38.79;6199.0;47765.91;662.78;35253.42;25416.47;9836.95
24;Lloyds 30 1.73%;annuit;145000;1.73%;0.00%;29671.82;566.25;30;Lloyds;25;2046-04-12;90808.98;55093.92;-35715.06;39.33;6199.0;48894.92;566.25;36610.64;25416.47;11194.17
25;Lloyds 30 1.73%;annuit;145000;1.73%;0.00%;23940.84;468.02;30;Lloyds;26;2047-04-12;93533.25;56257.41;-37275.84;39.85;6199.0;50058.41;468.02;38007.96;25416.47;12591.50
26;Lloyds 30 1.73%;annuit;145000;1.73%;0.00%;18109.93;368.09;30;Lloyds;27;2048-04-12;96339.25;57456.42;-38882.83;40.36;6199.0;51257.42;368.09;39446.59;25416.47;14030.13
27;Lloyds 30 1.73%;annuit;145000;1.73%;0.00%;12177.34;266.41;30;Lloyds;28;2049-04-12;99229.42;58692.02;-40537.4;40.85;6199.0;52493.02;266.41;40927.76;25416.47;15511.29
28;Lloyds 30 1.73%;annuit;145000;1.73%;0.00%;6141.30;162.96;30;Lloyds;29;2050-04-12;102206.31;59965.33;-42240.97;41.33;6199.0;53766.33;162.96;42452.71;25416.47;17036.25
29;Lloyds 30 1.73%;annuit;145000;1.73%;0.00%;-0.00;57.70;30;Lloyds;30;2051-04-12;105272.49;61277.49;-43995.0;41.79;6199.0;55078.49;57.70;44022.77;25416.47;18606.30
